query,rewrite_ms,dense_embed_ms,dense_search_ms,sparse_embed_ms,sparse_search_ms,retrieve_total_ms,context_build_ms,generation_ttft_ms,generation_total_ms,generation_tokens,e2e_ms,e2e_ttft_ms
Người dân Việt Nam nổi tiếng với đặc điểm gì?,0.017400016076862812,1028.7954999366775,12.723400024697185,0.05519995465874672,10.181199992075562,380.5086000356823,0.033400021493434906,2931.356499902904,3652.3639999795705,101,3768.597700051032,3765.4726000037044
Nền văn minh sông Hồng có nền tảng từ thời kỳ nào?,0.006800051778554916,359.13260001689196,10.98780008032918,0.05770009011030197,10.243099997751415,392.03609991818666,0.040899962186813354,1734.2826999956742,2417.7788000088185,70,4921.541200019419,4295.590299996547
Bãi biển Nha Trang có đặc điểm gì nổi bật về thời tiết?,0.011299969628453255,342.08259999286383,26.343800011090934,0.05180004518479109,30.105499899946153,410.5342000257224,0.030099996365606785,2351.1424999451265,5047.126499935985,332,73759.08790004905,72689.22489997931
