{
  "queries": [
    {
      "query": "Người dân Việt Nam nổi tiếng với đặc điểm gì?",
      "rewrite_ms": 0.028300099074840546,
      "dense_embed_ms": 638.2757000392303,
      "dense_search_ms": 22.584900027140975,
      "sparse_embed_ms": 0.04290009383112192,
      "sparse_search_ms": 27.18440000899136,
      "retrieve_total_ms": 930.5927000241354,
      "context_build_ms": 0.029099988751113415,
      "generation_ttft_ms": 13116.811799933203,
      "generation_total_ms": 13627.73969990667,
      "generation_tokens": 8,
      "e2e_ms": 5526.0649000993,
      "e2e_ttft_ms": 4985.779900103807
    },
    {
      "query": "Nền văn minh sông Hồng có nền tảng từ thời kỳ nào?",
      "rewrite_ms": 0.013699987903237343,
      "dense_embed_ms": 881.2791999662295,
      "dense_search_ms": 26.970600010827184,
      "sparse_embed_ms": 0.06420002318918705,
      "sparse_search_ms": 31.163599924184382,
      "retrieve_total_ms": 954.523800057359,
      "context_build_ms": 0.01919991336762905,
      "generation_ttft_ms": 895.6956000765786,
      "generation_total_ms": 1435.7755000237375,
      "generation_tokens": 9,
      "e2e_ms": 3343.5520000057295,
      "e2e_ttft_ms": 2945.6978000234812
    },
    {
      "query": "Bãi biển Nha Trang có đặc điểm gì nổi bật về thời tiết?",
      "rewrite_ms": 0.032100011594593525,
      "dense_embed_ms": 1584.6124000381678,
      "dense_search_ms": 8.804699988104403,
      "sparse_embed_ms": 0.09889993816614151,
      "sparse_search_ms": 7.340800017118454,
      "retrieve_total_ms": 952.3509999271482,
      "context_build_ms": 0.021600048057734966,
      "generation_ttft_ms": 31151.845199987292,
      "generation_total_ms": 32539.475700003095,
      "generation_tokens": 28,
      "e2e_ms": 4584.898700006306,
      "e2e_ttft_ms": 3154.6489999163896
    }
  ],
  "summary": {
    "rewrite_ms": {
      "mean": 0.024700032857557137,
      "p50": 0.028300099074840546,
      "p95": 0.032100011594593525,
      "p99": 0.032100011594593525
    },
    "dense_embed_ms": {
      "mean": 1034.722433347876,
      "p50": 881.2791999662295,
      "p95": 1584.6124000381678,
      "p99": 1584.6124000381678
    },
    "dense_search_ms": {
      "mean": 19.453400008690853,
      "p50": 22.584900027140975,
      "p95": 26.970600010827184,
      "p99": 26.970600010827184
    },
    "sparse_embed_ms": {
      "mean": 0.06866668506215017,
      "p50": 0.06420002318918705,
      "p95": 0.09889993816614151,
      "p99": 0.09889993816614151
    },
    "sparse_search_ms": {
      "mean": 21.896266650098067,
      "p50": 27.18440000899136,
      "p95": 31.163599924184382,
      "p99": 31.163599924184382
    },
    "retrieve_total_ms": {
      "mean": 945.8225000028809,
      "p50": 952.3509999271482,
      "p95": 954.523800057359,
      "p99": 954.523800057359
    },
    "context_build_ms": {
      "mean": 0.023299983392159145,
      "p50": 0.021600048057734966,
      "p95": 0.029099988751113415,
      "p99": 0.029099988751113415
    },
    "generation_ttft_ms": {
      "mean": 15054.784199999025,
      "p50": 13116.811799933203,
      "p95": 31151.845199987292,
      "p99": 31151.845199987292
    },
    "generation_total_ms": {
      "mean": 15867.663633311167,
      "p50": 13627.73969990667,
      "p95": 32539.475700003095,
      "p99": 32539.475700003095
    },
    "e2e_ms": {
      "mean": 4484.8385333704455,
      "p50": 4584.898700006306,
      "p95": 5526.0649000993,
      "p99": 5526.0649000993
    },
    "e2e_ttft_ms": {
      "mean": 3695.3755666812262,
      "p50": 3154.6489999163896,
      "p95": 4985.779900103807,
      "p99": 4985.779900103807
    }
  }
}