{
  "queries": [
    {
      "query": "Người dân Việt Nam nổi tiếng với đặc điểm gì?",
      "rewrite_ms": 0.18719991203397512,
      "dense_embed_ms": 2502.8719999827445,
      "dense_search_ms": 32.72470005322248,
      "sparse_embed_ms": 0.05909998435527086,
      "sparse_search_ms": 25.935699930414557,
      "retrieve_total_ms": 953.0768999829888,
      "context_build_ms": 0.0198000343516469,
      "generation_ttft_ms": 2041.9989000074565,
      "generation_total_ms": 2488.3318999782205,
      "generation_tokens": 9,
      "e2e_ms": 3184.3281999463215
    },
    {
      "query": "Nền văn minh sông Hồng có nền tảng từ thời kỳ nào?",
      "rewrite_ms": 19586.75170002971,
      "dense_embed_ms": 967.1750999987125,
      "dense_search_ms": 24.881100049242377,
      "sparse_embed_ms": 0.05439994856715202,
      "sparse_search_ms": 6.959500024095178,
      "retrieve_total_ms": 924.3123999331146,
      "context_build_ms": 0.02050003968179226,
      "generation_ttft_ms": 3278.967299964279,
      "generation_total_ms": 3758.3387999329716,
      "generation_tokens": 8,
      "e2e_ms": 3942.9288998944685
    },
    {
      "query": "Bãi biển Nha Trang có đặc điểm gì nổi bật về thời tiết?",
      "rewrite_ms": 11302.193199982867,
      "dense_embed_ms": 928.48830006551,
      "dense_search_ms": 18.303799908608198,
      "sparse_embed_ms": 0.05350005812942982,
      "sparse_search_ms": 7.056199945509434,
      "retrieve_total_ms": 946.2151000043377,
      "context_build_ms": 0.018700025975704193,
      "generation_ttft_ms": 5496.328399982303,
      "generation_total_ms": 6961.799699929543,
      "generation_tokens": 29,
      "e2e_ms": 4606.502300011925
    }
  ],
  "summary": {
    "rewrite_ms": {
      "mean": 10296.377366641536,
      "p50": 11302.193199982867,
      "p95": 19586.75170002971,
      "p99": 19586.75170002971
    },
    "dense_embed_ms": {
      "mean": 1466.1784666823223,
      "p50": 967.1750999987125,
      "p95": 2502.8719999827445,
      "p99": 2502.8719999827445
    },
    "dense_search_ms": {
      "mean": 25.303200003691018,
      "p50": 24.881100049242377,
      "p95": 32.72470005322248,
      "p99": 32.72470005322248
    },
    "sparse_embed_ms": {
      "mean": 0.0556666636839509,
      "p50": 0.05439994856715202,
      "p95": 0.05909998435527086,
      "p99": 0.05909998435527086
    },
    "sparse_search_ms": {
      "mean": 13.31713330000639,
      "p50": 7.056199945509434,
      "p95": 25.935699930414557,
      "p99": 25.935699930414557
    },
    "retrieve_total_ms": {
      "mean": 941.201466640147,
      "p50": 946.2151000043377,
      "p95": 953.0768999829888,
      "p99": 953.0768999829888
    },
    "context_build_ms": {
      "mean": 0.019666700003047783,
      "p50": 0.0198000343516469,
      "p95": 0.02050003968179226,
      "p99": 0.02050003968179226
    },
    "generation_ttft_ms": {
      "mean": 3605.7648666513464,
      "p50": 3278.967299964279,
      "p95": 5496.328399982303,
      "p99": 5496.328399982303
    },
    "generation_total_ms": {
      "mean": 4402.823466613579,
      "p50": 3758.3387999329716,
      "p95": 6961.799699929543,
      "p99": 6961.799699929543
    },
    "e2e_ms": {
      "mean": 3911.2531332842386,
      "p50": 3942.9288998944685,
      "p95": 4606.502300011925,
      "p99": 4606.502300011925
    }
  }
}