query,rewrite_ms,dense_embed_ms,dense_search_ms,sparse_embed_ms,sparse_search_ms,retrieve_total_ms,context_build_ms,generation_ttft_ms,generation_total_ms,generation_tokens,e2e_ms,e2e_ttft_ms
Người dân Việt Nam nổi tiếng với đặc điểm gì?,0.04409998655319214,2292.177899973467,13.2619000505656,0.05509995389729738,20.574199967086315,938.3398999925703,0.0822999281808734,606.5589999780059,1759.329600026831,67,2452.6114999316633,1630.7097999379039
Nền văn minh sông Hồng có nền tảng từ thời kỳ nào?,0.019400031305849552,891.3652000483125,8.662599953822792,0.0447999918833375,17.816900042816997,918.3397999731824,0.031800009310245514,564.3858999246731,1241.514900000766,38,2216.440699994564,1321.4406000915915
Bãi biển Nha Trang có đặc điểm gì nổi bật về thời tiết?,0.011899974197149277,832.6521000126377,23.073999909684062,0.08260004688054323,30.686500016599894,905.3497000131756,0.017300015315413475,680.2197000943124,2166.680100024678,120,2776.3877999968827,1349.5194000424817
