query,rewrite_ms,dense_embed_ms,dense_search_ms,sparse_embed_ms,sparse_search_ms,retrieve_total_ms,context_build_ms,generation_ttft_ms,generation_total_ms,generation_tokens,e2e_ms,e2e_ttft_ms
Người dân Việt Nam nổi tiếng với đặc điểm gì?,0.015700003132224083,679.5431999489665,45.40780000388622,0.039899954572319984,11.739099980331957,471.84620006009936,0.035199918784201145,10047.235600068234,12120.588800054975,68,9446.099500055425,7914.906100020744
Nền văn minh sông Hồng có nền tảng từ thời kỳ nào?,0.04930002614855766,676.926500047557,21.777300047688186,0.05530007183551788,8.659999934025109,494.07460005022585,0.019999919459223747,662.5324999913573,1602.0531000103801,39,2596.8362001003698,1314.9089000653476
Bãi biển Nha Trang có đặc điểm gì nổi bật về thời tiết?,0.0069999368861317635,638.5951000265777,25.903300032950938,0.060399994254112244,31.157099991105497,657.7615999849513,0.02659996971487999,1115.8125000074506,6134.112200001255,220,7099.392700009048,4060.355900088325
