query,rewrite_ms,dense_embed_ms,dense_search_ms,sparse_embed_ms,sparse_search_ms,retrieve_total_ms,context_build_ms,generation_ttft_ms,generation_total_ms,generation_tokens,e2e_ms,e2e_ttft_ms
Người dân Việt Nam nổi tiếng với đặc điểm gì?,0.03200001083314419,2813.3374999742955,32.65569999348372,0.03920006565749645,28.09869998600334,951.9374999217689,0.020700041204690933,3447.079799952917,3684.49390004389,29,2162.8207000903785,1873.847100068815
Nền văn minh sông Hồng có nền tảng từ thời kỳ nào?,0.013499986380338669,869.1487000323832,16.240099910646677,0.0396000687032938,6.621900014579296,887.5578999286518,0.01950003206729889,1497.7021999657154,1768.3444999856874,20,2477.3465000325814,2230.029599973932
Bãi biển Nha Trang có đặc điểm gì nổi bật về thời tiết?,0.012999982573091984,875.6451000226662,21.428100066259503,0.03739993553608656,32.43969997856766,918.6824000207707,0.018600025214254856,1229.584199958481,2116.8417999288067,65,3400.455499999225,2802.5777000002563
