{
  "queries": [
    {
      "query": "Người dân Việt Nam nổi tiếng với đặc điểm gì?",
      "rewrite_ms": 0.04409998655319214,
      "dense_embed_ms": 2292.177899973467,
      "dense_search_ms": 13.2619000505656,
      "sparse_embed_ms": 0.05509995389729738,
      "sparse_search_ms": 20.574199967086315,
      "retrieve_total_ms": 938.3398999925703,
      "context_build_ms": 0.0822999281808734,
      "generation_ttft_ms": 606.5589999780059,
      "generation_total_ms": 1759.329600026831,
      "generation_tokens": 67,
      "e2e_ms": 2452.6114999316633,
      "e2e_ttft_ms": 1630.7097999379039
    },
    {
      "query": "Nền văn minh sông Hồng có nền tảng từ thời kỳ nào?",
      "rewrite_ms": 0.019400031305849552,
      "dense_embed_ms": 891.3652000483125,
      "dense_search_ms": 8.662599953822792,
      "sparse_embed_ms": 0.0447999918833375,
      "sparse_search_ms": 17.816900042816997,
      "retrieve_total_ms": 918.3397999731824,
      "context_build_ms": 0.031800009310245514,
      "generation_ttft_ms": 564.3858999246731,
      "generation_total_ms": 1241.514900000766,
      "generation_tokens": 38,
      "e2e_ms": 2216.440699994564,
      "e2e_ttft_ms": 1321.4406000915915
    },
    {
      "query": "Bãi biển Nha Trang có đặc điểm gì nổi bật về thời tiết?",
      "rewrite_ms": 0.011899974197149277,
      "dense_embed_ms": 832.6521000126377,
      "dense_search_ms": 23.073999909684062,
      "sparse_embed_ms": 0.08260004688054323,
      "sparse_search_ms": 30.686500016599894,
      "retrieve_total_ms": 905.3497000131756,
      "context_build_ms": 0.017300015315413475,
      "generation_ttft_ms": 680.2197000943124,
      "generation_total_ms": 2166.680100024678,
      "generation_tokens": 120,
      "e2e_ms": 2776.3877999968827,
      "e2e_ttft_ms": 1349.5194000424817
    }
  ],
  "summary": {
    "rewrite_ms": {
      "mean": 0.025133330685396988,
      "p50": 0.019400031305849552,
      "p95": 0.04409998655319214,
      "p99": 0.04409998655319214
    },
    "dense_embed_ms": {
      "mean": 1338.7317333448057,
      "p50": 891.3652000483125,
      "p95": 2292.177899973467,
      "p99": 2292.177899973467
    },
    "dense_search_ms": {
      "mean": 14.999499971357485,
      "p50": 13.2619000505656,
      "p95": 23.073999909684062,
      "p99": 23.073999909684062
    },
    "sparse_embed_ms": {
      "mean": 0.06083333088705937,
      "p50": 0.05509995389729738,
      "p95": 0.08260004688054323,
      "p99": 0.08260004688054323
    },
    "sparse_search_ms": {
      "mean": 23.025866675501067,
      "p50": 20.574199967086315,
      "p95": 30.686500016599894,
      "p99": 30.686500016599894
    },
    "retrieve_total_ms": {
      "mean": 920.6764666596428,
      "p50": 918.3397999731824,
      "p95": 938.3398999925703,
      "p99": 938.3398999925703
    },
    "context_build_ms": {
      "mean": 0.04379998426884413,
      "p50": 0.031800009310245514,
      "p95": 0.0822999281808734,
      "p99": 0.0822999281808734
    },
    "generation_ttft_ms": {
      "mean": 617.0548666656638,
      "p50": 606.5589999780059,
      "p95": 680.2197000943124,
      "p99": 680.2197000943124
    },
    "generation_total_ms": {
      "mean": 1722.508200017425,
      "p50": 1759.329600026831,
      "p95": 2166.680100024678,
      "p99": 2166.680100024678
    },
    "e2e_ms": {
      "mean": 2481.8133333077035,
      "p50": 2452.6114999316633,
      "p95": 2776.3877999968827,
      "p99": 2776.3877999968827
    },
    "e2e_ttft_ms": {
      "mean": 1433.8899333573256,
      "p50": 1349.5194000424817,
      "p95": 1630.7097999379039,
      "p99": 1630.7097999379039
    }
  }
}