{
  "queries": [
    {
      "query": "Người dân Việt Nam nổi tiếng với đặc điểm gì?",
      "rewrite_ms": 0.017400016076862812,
      "dense_embed_ms": 1028.7954999366775,
      "dense_search_ms": 12.723400024697185,
      "sparse_embed_ms": 0.05519995465874672,
      "sparse_search_ms": 10.181199992075562,
      "retrieve_total_ms": 380.5086000356823,
      "context_build_ms": 0.033400021493434906,
      "generation_ttft_ms": 2931.356499902904,
      "generation_total_ms": 3652.3639999795705,
      "generation_tokens": 101,
      "e2e_ms": 3768.597700051032,
      "e2e_ttft_ms": 3765.4726000037044
    },
    {
      "query": "Nền văn minh sông Hồng có nền tảng từ thời kỳ nào?",
      "rewrite_ms": 0.006800051778554916,
      "dense_embed_ms": 359.13260001689196,
      "dense_search_ms": 10.98780008032918,
      "sparse_embed_ms": 0.05770009011030197,
      "sparse_search_ms": 10.243099997751415,
      "retrieve_total_ms": 392.03609991818666,
      "context_build_ms": 0.040899962186813354,
      "generation_ttft_ms": 1734.2826999956742,
      "generation_total_ms": 2417.7788000088185,
      "generation_tokens": 70,
      "e2e_ms": 4921.541200019419,
      "e2e_ttft_ms": 4295.590299996547
    },
    {
      "query": "Bãi biển Nha Trang có đặc điểm gì nổi bật về thời tiết?",
      "rewrite_ms": 0.011299969628453255,
      "dense_embed_ms": 342.08259999286383,
      "dense_search_ms": 26.343800011090934,
      "sparse_embed_ms": 0.05180004518479109,
      "sparse_search_ms": 30.105499899946153,
      "retrieve_total_ms": 410.5342000257224,
      "context_build_ms": 0.030099996365606785,
      "generation_ttft_ms": 2351.1424999451265,
      "generation_total_ms": 5047.126499935985,
      "generation_tokens": 332,
      "e2e_ms": 73759.08790004905,
      "e2e_ttft_ms": 72689.22489997931
    }
  ],
  "summary": {
    "rewrite_ms": {
      "mean": 0.011833345827956995,
      "p50": 0.011299969628453255,
      "p95": 0.017400016076862812,
      "p99": 0.017400016076862812
    },
    "dense_embed_ms": {
      "mean": 576.6702333154777,
      "p50": 359.13260001689196,
      "p95": 1028.7954999366775,
      "p99": 1028.7954999366775
    },
    "dense_search_ms": {
      "mean": 16.685000038705766,
      "p50": 12.723400024697185,
      "p95": 26.343800011090934,
      "p99": 26.343800011090934
    },
    "sparse_embed_ms": {
      "mean": 0.05490002998461326,
      "p50": 0.05519995465874672,
      "p95": 0.05770009011030197,
      "p99": 0.05770009011030197
    },
    "sparse_search_ms": {
      "mean": 16.843266629924376,
      "p50": 10.243099997751415,
      "p95": 30.105499899946153,
      "p99": 30.105499899946153
    },
    "retrieve_total_ms": {
      "mean": 394.35963332653046,
      "p50": 392.03609991818666,
      "p95": 410.5342000257224,
      "p99": 410.5342000257224
    },
    "context_build_ms": {
      "mean": 0.03479999334861835,
      "p50": 0.033400021493434906,
      "p95": 0.040899962186813354,
      "p99": 0.040899962186813354
    },
    "generation_ttft_ms": {
      "mean": 2338.9272332812347,
      "p50": 2351.1424999451265,
      "p95": 2931.356499902904,
      "p99": 2931.356499902904
    },
    "generation_total_ms": {
      "mean": 3705.7564333081245,
      "p50": 3652.3639999795705,
      "p95": 5047.126499935985,
      "p99": 5047.126499935985
    },
    "e2e_ms": {
      "mean": 27483.075600039836,
      "p50": 4921.541200019419,
      "p95": 73759.08790004905,
      "p99": 73759.08790004905
    },
    "e2e_ttft_ms": {
      "mean": 26916.762599993188,
      "p50": 4295.590299996547,
      "p95": 72689.22489997931,
      "p99": 72689.22489997931
    }
  }
}