query,rewrite_ms,dense_embed_ms,dense_search_ms,sparse_embed_ms,sparse_search_ms,retrieve_total_ms,context_build_ms,generation_ttft_ms,generation_total_ms,generation_tokens,e2e_ms,e2e_ttft_ms
Người dân Việt Nam nổi tiếng với đặc điểm gì?,0.016400008462369442,1011.5703999763355,35.32709996215999,0.05819997750222683,26.767099974676967,702.9354000696912,0.025900080800056458,3046.696799923666,3831.027999985963,113,4538.732500048354,3439.5616999827325
Nền văn minh sông Hồng có nền tảng từ thời kỳ nào?,0.0073999399319291115,802.4172000586987,25.793299893848598,0.04330009687691927,30.164799885824323,731.4067999832332,0.03460003063082695,2870.449300040491,3165.186300058849,56,3671.9750999473035,3121.1709999479353
Bãi biển Nha Trang có đặc điểm gì nổi bật về thời tiết?,0.006700051017105579,417.68640000373125,19.22679995186627,0.06799993570894003,31.317600049078465,517.0225999318063,0.019400031305849552,3267.612099996768,3275.085199973546,204,4897.583700018004,3508.261499926448
