query,rewrite_ms,dense_embed_ms,dense_search_ms,sparse_embed_ms,sparse_search_ms,retrieve_total_ms,context_build_ms,generation_ttft_ms,generation_total_ms,generation_tokens,e2e_ms,e2e_ttft_ms
Người dân Việt Nam nổi tiếng với đặc điểm gì?,0.028300099074840546,638.2757000392303,22.584900027140975,0.04290009383112192,27.18440000899136,930.5927000241354,0.029099988751113415,13116.811799933203,13627.73969990667,8,5526.0649000993,4985.779900103807
Nền văn minh sông Hồng có nền tảng từ thời kỳ nào?,0.013699987903237343,881.2791999662295,26.970600010827184,0.06420002318918705,31.163599924184382,954.523800057359,0.01919991336762905,895.6956000765786,1435.7755000237375,9,3343.5520000057295,2945.6978000234812
Bãi biển Nha Trang có đặc điểm gì nổi bật về thời tiết?,0.032100011594593525,1584.6124000381678,8.804699988104403,0.09889993816614151,7.340800017118454,952.3509999271482,0.021600048057734966,31151.845199987292,32539.475700003095,28,4584.898700006306,3154.6489999163896
