query,rewrite_ms,dense_embed_ms,dense_search_ms,sparse_embed_ms,sparse_search_ms,retrieve_total_ms,context_build_ms,generation_ttft_ms,generation_total_ms,generation_tokens,e2e_ms
Người dân Việt Nam nổi tiếng với đặc điểm gì?,1620.3618999861646,896.8631000025198,31.988199974875897,0.07419998291879892,11.720100010279566,891.4412999874912,0.04730001091957092,1587.8869000007398,1822.1641999843996,29,1729.8804999736603
Nền văn minh sông Hồng có nền tảng từ thời kỳ nào?,5048.72739998973,659.0456000121776,13.766099989879876,0.07089998689480126,13.576500001363456,644.6857000119053,0.026399997295811772,722.6319000183139,1659.1559000080451,33,2493.9892000111286
Bãi biển Nha Trang có đặc điểm gì nổi bật về thời tiết?,3229.888099973323,622.5034999952186,26.579500001389533,0.09039998985826969,11.424800002714619,677.6937000104226,0.023100001271814108,2255.8542999904603,2489.155399991432,90,6568.963400000939
