query,rewrite_ms,dense_embed_ms,dense_search_ms,sparse_embed_ms,sparse_search_ms,retrieve_total_ms,context_build_ms,generation_ttft_ms,generation_total_ms,generation_tokens,e2e_ms
Người dân Việt Nam nổi tiếng với đặc điểm gì?,0.18719991203397512,2502.8719999827445,32.72470005322248,0.05909998435527086,25.935699930414557,953.0768999829888,0.0198000343516469,2041.9989000074565,2488.3318999782205,9,3184.3281999463215
Nền văn minh sông Hồng có nền tảng từ thời kỳ nào?,19586.75170002971,967.1750999987125,24.881100049242377,0.05439994856715202,6.959500024095178,924.3123999331146,0.02050003968179226,3278.967299964279,3758.3387999329716,8,3942.9288998944685
Bãi biển Nha Trang có đặc điểm gì nổi bật về thời tiết?,11302.193199982867,928.48830006551,18.303799908608198,0.05350005812942982,7.056199945509434,946.2151000043377,0.018700025975704193,5496.328399982303,6961.799699929543,29,4606.502300011925
