{
  "queries": [
    {
      "query": "Người dân Việt Nam nổi tiếng với đặc điểm gì?",
      "rewrite_ms": 1620.3618999861646,
      "dense_embed_ms": 896.8631000025198,
      "dense_search_ms": 31.988199974875897,
      "sparse_embed_ms": 0.07419998291879892,
      "sparse_search_ms": 11.720100010279566,
      "retrieve_total_ms": 891.4412999874912,
      "context_build_ms": 0.04730001091957092,
      "generation_ttft_ms": 1587.8869000007398,
      "generation_total_ms": 1822.1641999843996,
      "generation_tokens": 29,
      "e2e_ms": 1729.8804999736603
    },
    {
      "query": "Nền văn minh sông Hồng có nền tảng từ thời kỳ nào?",
      "rewrite_ms": 5048.72739998973,
      "dense_embed_ms": 659.0456000121776,
      "dense_search_ms": 13.766099989879876,
      "sparse_embed_ms": 0.07089998689480126,
      "sparse_search_ms": 13.576500001363456,
      "retrieve_total_ms": 644.6857000119053,
      "context_build_ms": 0.026399997295811772,
      "generation_ttft_ms": 722.6319000183139,
      "generation_total_ms": 1659.1559000080451,
      "generation_tokens": 33,
      "e2e_ms": 2493.9892000111286
    },
    {
      "query": "Bãi biển Nha Trang có đặc điểm gì nổi bật về thời tiết?",
      "rewrite_ms": 3229.888099973323,
      "dense_embed_ms": 622.5034999952186,
      "dense_search_ms": 26.579500001389533,
      "sparse_embed_ms": 0.09039998985826969,
      "sparse_search_ms": 11.424800002714619,
      "retrieve_total_ms": 677.6937000104226,
      "context_build_ms": 0.023100001271814108,
      "generation_ttft_ms": 2255.8542999904603,
      "generation_total_ms": 2489.155399991432,
      "generation_tokens": 90,
      "e2e_ms": 6568.963400000939
    }
  ],
  "summary": {
    "rewrite_ms": {
      "mean": 3299.6591333164056,
      "p50": 3229.888099973323,
      "p95": 5048.72739998973,
      "p99": 5048.72739998973
    },
    "dense_embed_ms": {
      "mean": 726.1374000033053,
      "p50": 659.0456000121776,
      "p95": 896.8631000025198,
      "p99": 896.8631000025198
    },
    "dense_search_ms": {
      "mean": 24.11126665538177,
      "p50": 26.579500001389533,
      "p95": 31.988199974875897,
      "p99": 31.988199974875897
    },
    "sparse_embed_ms": {
      "mean": 0.07849998655728996,
      "p50": 0.07419998291879892,
      "p95": 0.09039998985826969,
      "p99": 0.09039998985826969
    },
    "sparse_search_ms": {
      "mean": 12.240466671452547,
      "p50": 11.720100010279566,
      "p95": 13.576500001363456,
      "p99": 13.576500001363456
    },
    "retrieve_total_ms": {
      "mean": 737.9402333366064,
      "p50": 677.6937000104226,
      "p95": 891.4412999874912,
      "p99": 891.4412999874912
    },
    "context_build_ms": {
      "mean": 0.0322666698290656,
      "p50": 0.026399997295811772,
      "p95": 0.04730001091957092,
      "p99": 0.04730001091957092
    },
    "generation_ttft_ms": {
      "mean": 1522.124366669838,
      "p50": 1587.8869000007398,
      "p95": 2255.8542999904603,
      "p99": 2255.8542999904603
    },
    "generation_total_ms": {
      "mean": 1990.1584999946256,
      "p50": 1822.1641999843996,
      "p95": 2489.155399991432,
      "p99": 2489.155399991432
    },
    "e2e_ms": {
      "mean": 3597.611033328576,
      "p50": 2493.9892000111286,
      "p95": 6568.963400000939,
      "p99": 6568.963400000939
    }
  }
}