query,rewrite_ms,dense_embed_ms,dense_search_ms,sparse_embed_ms,sparse_search_ms,retrieve_total_ms,context_build_ms,generation_ttft_ms,generation_total_ms,generation_tokens,e2e_ms
Người dân Việt Nam nổi tiếng với đặc điểm gì?,0.026900088414549828,2576.194600085728,22.70130009856075,0.04679989069700241,6.874200073070824,913.1472000153735,0.018600025214254856,1167.6019000587985,1724.245100049302,9,5647.649999940768
Nền văn minh sông Hồng có nền tảng từ thời kỳ nào?,0.042899977415800095,870.9621999878436,29.327300027944148,0.035199918784201145,30.13289999216795,968.2175000198185,0.019900035113096237,1433.3351999521255,2000.7596999639645,9,3699.8822001041844
Bãi biển Nha Trang có đặc điểm gì nổi bật về thời tiết?,0.012499978765845299,906.8170000100508,31.172299990430474,0.063000014051795,30.668699997477233,985.0600999779999,0.01610000617802143,1966.0062999464571,3396.0455999476835,28,10810.366700054146
