{
  "queries": [
    {
      "query": "Người dân Việt Nam nổi tiếng với đặc điểm gì?",
      "rewrite_ms": 0.026900088414549828,
      "dense_embed_ms": 2576.194600085728,
      "dense_search_ms": 22.70130009856075,
      "sparse_embed_ms": 0.04679989069700241,
      "sparse_search_ms": 6.874200073070824,
      "retrieve_total_ms": 913.1472000153735,
      "context_build_ms": 0.018600025214254856,
      "generation_ttft_ms": 1167.6019000587985,
      "generation_total_ms": 1724.245100049302,
      "generation_tokens": 9,
      "e2e_ms": 5647.649999940768
    },
    {
      "query": "Nền văn minh sông Hồng có nền tảng từ thời kỳ nào?",
      "rewrite_ms": 0.042899977415800095,
      "dense_embed_ms": 870.9621999878436,
      "dense_search_ms": 29.327300027944148,
      "sparse_embed_ms": 0.035199918784201145,
      "sparse_search_ms": 30.13289999216795,
      "retrieve_total_ms": 968.2175000198185,
      "context_build_ms": 0.019900035113096237,
      "generation_ttft_ms": 1433.3351999521255,
      "generation_total_ms": 2000.7596999639645,
      "generation_tokens": 9,
      "e2e_ms": 3699.8822001041844
    },
    {
      "query": "Bãi biển Nha Trang có đặc điểm gì nổi bật về thời tiết?",
      "rewrite_ms": 0.012499978765845299,
      "dense_embed_ms": 906.8170000100508,
      "dense_search_ms": 31.172299990430474,
      "sparse_embed_ms": 0.063000014051795,
      "sparse_search_ms": 30.668699997477233,
      "retrieve_total_ms": 985.0600999779999,
      "context_build_ms": 0.01610000617802143,
      "generation_ttft_ms": 1966.0062999464571,
      "generation_total_ms": 3396.0455999476835,
      "generation_tokens": 28,
      "e2e_ms": 10810.366700054146
    }
  ],
  "summary": {
    "rewrite_ms": {
      "mean": 0.02743334819873174,
      "p50": 0.026900088414549828,
      "p95": 0.042899977415800095,
      "p99": 0.042899977415800095
    },
    "dense_embed_ms": {
      "mean": 1451.324600027874,
      "p50": 906.8170000100508,
      "p95": 2576.194600085728,
      "p99": 2576.194600085728
    },
    "dense_search_ms": {
      "mean": 27.73363337231179,
      "p50": 29.327300027944148,
      "p95": 31.172299990430474,
      "p99": 31.172299990430474
    },
    "sparse_embed_ms": {
      "mean": 0.04833327451099952,
      "p50": 0.04679989069700241,
      "p95": 0.063000014051795,
      "p99": 0.063000014051795
    },
    "sparse_search_ms": {
      "mean": 22.558600020905335,
      "p50": 30.13289999216795,
      "p95": 30.668699997477233,
      "p99": 30.668699997477233
    },
    "retrieve_total_ms": {
      "mean": 955.4749333377307,
      "p50": 968.2175000198185,
      "p95": 985.0600999779999,
      "p99": 985.0600999779999
    },
    "context_build_ms": {
      "mean": 0.018200022168457508,
      "p50": 0.018600025214254856,
      "p95": 0.019900035113096237,
      "p99": 0.019900035113096237
    },
    "generation_ttft_ms": {
      "mean": 1522.3144666524604,
      "p50": 1433.3351999521255,
      "p95": 1966.0062999464571,
      "p99": 1966.0062999464571
    },
    "generation_total_ms": {
      "mean": 2373.68346665365,
      "p50": 2000.7596999639645,
      "p95": 3396.0455999476835,
      "p99": 3396.0455999476835
    },
    "e2e_ms": {
      "mean": 6719.299633366366,
      "p50": 5647.649999940768,
      "p95": 10810.366700054146,
      "p99": 10810.366700054146
    }
  }
}