{
  "queries": [
    {
      "query": "Người dân Việt Nam nổi tiếng với đặc điểm gì?",
      "rewrite_ms": 0.03200001083314419,
      "dense_embed_ms": 2813.3374999742955,
      "dense_search_ms": 32.65569999348372,
      "sparse_embed_ms": 0.03920006565749645,
      "sparse_search_ms": 28.09869998600334,
      "retrieve_total_ms": 951.9374999217689,
      "context_build_ms": 0.020700041204690933,
      "generation_ttft_ms": 3447.079799952917,
      "generation_total_ms": 3684.49390004389,
      "generation_tokens": 29,
      "e2e_ms": 2162.8207000903785,
      "e2e_ttft_ms": 1873.847100068815
    },
    {
      "query": "Nền văn minh sông Hồng có nền tảng từ thời kỳ nào?",
      "rewrite_ms": 0.013499986380338669,
      "dense_embed_ms": 869.1487000323832,
      "dense_search_ms": 16.240099910646677,
      "sparse_embed_ms": 0.0396000687032938,
      "sparse_search_ms": 6.621900014579296,
      "retrieve_total_ms": 887.5578999286518,
      "context_build_ms": 0.01950003206729889,
      "generation_ttft_ms": 1497.7021999657154,
      "generation_total_ms": 1768.3444999856874,
      "generation_tokens": 20,
      "e2e_ms": 2477.3465000325814,
      "e2e_ttft_ms": 2230.029599973932
    },
    {
      "query": "Bãi biển Nha Trang có đặc điểm gì nổi bật về thời tiết?",
      "rewrite_ms": 0.012999982573091984,
      "dense_embed_ms": 875.6451000226662,
      "dense_search_ms": 21.428100066259503,
      "sparse_embed_ms": 0.03739993553608656,
      "sparse_search_ms": 32.43969997856766,
      "retrieve_total_ms": 918.6824000207707,
      "context_build_ms": 0.018600025214254856,
      "generation_ttft_ms": 1229.584199958481,
      "generation_total_ms": 2116.8417999288067,
      "generation_tokens": 65,
      "e2e_ms": 3400.455499999225,
      "e2e_ttft_ms": 2802.5777000002563
    }
  ],
  "summary": {
    "rewrite_ms": {
      "mean": 0.019499993262191612,
      "p50": 0.013499986380338669,
      "p95": 0.03200001083314419,
      "p99": 0.03200001083314419
    },
    "dense_embed_ms": {
      "mean": 1519.3771000097815,
      "p50": 875.6451000226662,
      "p95": 2813.3374999742955,
      "p99": 2813.3374999742955
    },
    "dense_search_ms": {
      "mean": 23.441299990129966,
      "p50": 21.428100066259503,
      "p95": 32.65569999348372,
      "p99": 32.65569999348372
    },
    "sparse_embed_ms": {
      "mean": 0.03873335663229227,
      "p50": 0.03920006565749645,
      "p95": 0.0396000687032938,
      "p99": 0.0396000687032938
    },
    "sparse_search_ms": {
      "mean": 22.386766659716766,
      "p50": 28.09869998600334,
      "p95": 32.43969997856766,
      "p99": 32.43969997856766
    },
    "retrieve_total_ms": {
      "mean": 919.3925999570638,
      "p50": 918.6824000207707,
      "p95": 951.9374999217689,
      "p99": 951.9374999217689
    },
    "context_build_ms": {
      "mean": 0.019600032828748226,
      "p50": 0.01950003206729889,
      "p95": 0.020700041204690933,
      "p99": 0.020700041204690933
    },
    "generation_ttft_ms": {
      "mean": 2058.1220666257045,
      "p50": 1497.7021999657154,
      "p95": 3447.079799952917,
      "p99": 3447.079799952917
    },
    "generation_total_ms": {
      "mean": 2523.2267333194613,
      "p50": 2116.8417999288067,
      "p95": 3684.49390004389,
      "p99": 3684.49390004389
    },
    "e2e_ms": {
      "mean": 2680.207566707395,
      "p50": 2477.3465000325814,
      "p95": 3400.455499999225,
      "p99": 3400.455499999225
    },
    "e2e_ttft_ms": {
      "mean": 2302.1514666810012,
      "p50": 2230.029599973932,
      "p95": 2802.5777000002563,
      "p99": 2802.5777000002563
    }
  }
}