query,rewrite_ms,dense_embed_ms,dense_search_ms,sparse_embed_ms,sparse_search_ms,retrieve_total_ms,context_build_ms,generation_ttft_ms,generation_total_ms,generation_tokens,e2e_ms,e2e_ttft_ms
Người dân Việt Nam nổi tiếng với đặc điểm gì?,0.015099998563528061,987.5956999603659,33.85430003982037,0.047600013203918934,9.363799938000739,653.2886000350118,0.035899924114346504,11511.640800046735,12247.299200040288,38,2633.825800032355,1947.9100999888033
Nền văn minh sông Hồng có nền tảng từ thời kỳ nào?,0.01680001150816679,346.45630000159144,10.513199958950281,0.041599967516958714,7.9697000328451395,405.53500002715737,0.02619996666908264,1700.8615999948233,3037.991199991666,59,11108.886200003326,10705.007300013676
Bãi biển Nha Trang có đặc điểm gì nổi bật về thời tiết?,0.010599964298307896,639.7587000392377,11.185199953615665,0.07670000195503235,26.480100001208484,362.44359996635467,0.03769993782043457,9134.26530000288,13295.75420008041,177,8705.437500029802,4135.4913000250235
