{
  "queries": [
    {
      "query": "Người dân Việt Nam nổi tiếng với đặc điểm gì?",
      "rewrite_ms": 0.015700003132224083,
      "dense_embed_ms": 679.5431999489665,
      "dense_search_ms": 45.40780000388622,
      "sparse_embed_ms": 0.039899954572319984,
      "sparse_search_ms": 11.739099980331957,
      "retrieve_total_ms": 471.84620006009936,
      "context_build_ms": 0.035199918784201145,
      "generation_ttft_ms": 10047.235600068234,
      "generation_total_ms": 12120.588800054975,
      "generation_tokens": 68,
      "e2e_ms": 9446.099500055425,
      "e2e_ttft_ms": 7914.906100020744
    },
    {
      "query": "Nền văn minh sông Hồng có nền tảng từ thời kỳ nào?",
      "rewrite_ms": 0.04930002614855766,
      "dense_embed_ms": 676.926500047557,
      "dense_search_ms": 21.777300047688186,
      "sparse_embed_ms": 0.05530007183551788,
      "sparse_search_ms": 8.659999934025109,
      "retrieve_total_ms": 494.07460005022585,
      "context_build_ms": 0.019999919459223747,
      "generation_ttft_ms": 662.5324999913573,
      "generation_total_ms": 1602.0531000103801,
      "generation_tokens": 39,
      "e2e_ms": 2596.8362001003698,
      "e2e_ttft_ms": 1314.9089000653476
    },
    {
      "query": "Bãi biển Nha Trang có đặc điểm gì nổi bật về thời tiết?",
      "rewrite_ms": 0.0069999368861317635,
      "dense_embed_ms": 638.5951000265777,
      "dense_search_ms": 25.903300032950938,
      "sparse_embed_ms": 0.060399994254112244,
      "sparse_search_ms": 31.157099991105497,
      "retrieve_total_ms": 657.7615999849513,
      "context_build_ms": 0.02659996971487999,
      "generation_ttft_ms": 1115.8125000074506,
      "generation_total_ms": 6134.112200001255,
      "generation_tokens": 220,
      "e2e_ms": 7099.392700009048,
      "e2e_ttft_ms": 4060.355900088325
    }
  ],
  "summary": {
    "rewrite_ms": {
      "mean": 0.023999988722304504,
      "p50": 0.015700003132224083,
      "p95": 0.04930002614855766,
      "p99": 0.04930002614855766
    },
    "dense_embed_ms": {
      "mean": 665.0216000077004,
      "p50": 676.926500047557,
      "p95": 679.5431999489665,
      "p99": 679.5431999489665
    },
    "dense_search_ms": {
      "mean": 31.029466694841783,
      "p50": 25.903300032950938,
      "p95": 45.40780000388622,
      "p99": 45.40780000388622
    },
    "sparse_embed_ms": {
      "mean": 0.05186667355398337,
      "p50": 0.05530007183551788,
      "p95": 0.060399994254112244,
      "p99": 0.060399994254112244
    },
    "sparse_search_ms": {
      "mean": 17.18539996848752,
      "p50": 11.739099980331957,
      "p95": 31.157099991105497,
      "p99": 31.157099991105497
    },
    "retrieve_total_ms": {
      "mean": 541.2274666984255,
      "p50": 494.07460005022585,
      "p95": 657.7615999849513,
      "p99": 657.7615999849513
    },
    "context_build_ms": {
      "mean": 0.027266602652768295,
      "p50": 0.02659996971487999,
      "p95": 0.035199918784201145,
      "p99": 0.035199918784201145
    },
    "generation_ttft_ms": {
      "mean": 3941.8602000223473,
      "p50": 1115.8125000074506,
      "p95": 10047.235600068234,
      "p99": 10047.235600068234
    },
    "generation_total_ms": {
      "mean": 6618.918033355537,
      "p50": 6134.112200001255,
      "p95": 12120.588800054975,
      "p99": 12120.588800054975
    },
    "e2e_ms": {
      "mean": 6380.776133388281,
      "p50": 7099.392700009048,
      "p95": 9446.099500055425,
      "p99": 9446.099500055425
    },
    "e2e_ttft_ms": {
      "mean": 4430.0569667248055,
      "p50": 4060.355900088325,
      "p95": 7914.906100020744,
      "p99": 7914.906100020744
    }
  }
}