{
  "queries": [
    {
      "query": "Người dân Việt Nam nổi tiếng với đặc điểm gì?",
      "rewrite_ms": 0.015099998563528061,
      "dense_embed_ms": 987.5956999603659,
      "dense_search_ms": 33.85430003982037,
      "sparse_embed_ms": 0.047600013203918934,
      "sparse_search_ms": 9.363799938000739,
      "retrieve_total_ms": 653.2886000350118,
      "context_build_ms": 0.035899924114346504,
      "generation_ttft_ms": 11511.640800046735,
      "generation_total_ms": 12247.299200040288,
      "generation_tokens": 38,
      "e2e_ms": 2633.825800032355,
      "e2e_ttft_ms": 1947.9100999888033
    },
    {
      "query": "Nền văn minh sông Hồng có nền tảng từ thời kỳ nào?",
      "rewrite_ms": 0.01680001150816679,
      "dense_embed_ms": 346.45630000159144,
      "dense_search_ms": 10.513199958950281,
      "sparse_embed_ms": 0.041599967516958714,
      "sparse_search_ms": 7.9697000328451395,
      "retrieve_total_ms": 405.53500002715737,
      "context_build_ms": 0.02619996666908264,
      "generation_ttft_ms": 1700.8615999948233,
      "generation_total_ms": 3037.991199991666,
      "generation_tokens": 59,
      "e2e_ms": 11108.886200003326,
      "e2e_ttft_ms": 10705.007300013676
    },
    {
      "query": "Bãi biển Nha Trang có đặc điểm gì nổi bật về thời tiết?",
      "rewrite_ms": 0.010599964298307896,
      "dense_embed_ms": 639.7587000392377,
      "dense_search_ms": 11.185199953615665,
      "sparse_embed_ms": 0.07670000195503235,
      "sparse_search_ms": 26.480100001208484,
      "retrieve_total_ms": 362.44359996635467,
      "context_build_ms": 0.03769993782043457,
      "generation_ttft_ms": 9134.26530000288,
      "generation_total_ms": 13295.75420008041,
      "generation_tokens": 177,
      "e2e_ms": 8705.437500029802,
      "e2e_ttft_ms": 4135.4913000250235
    }
  ],
  "summary": {
    "rewrite_ms": {
      "mean": 0.01416665812333425,
      "p50": 0.015099998563528061,
      "p95": 0.01680001150816679,
      "p99": 0.01680001150816679
    },
    "dense_embed_ms": {
      "mean": 657.9369000003984,
      "p50": 639.7587000392377,
      "p95": 987.5956999603659,
      "p99": 987.5956999603659
    },
    "dense_search_ms": {
      "mean": 18.51756665079544,
      "p50": 11.185199953615665,
      "p95": 33.85430003982037,
      "p99": 33.85430003982037
    },
    "sparse_embed_ms": {
      "mean": 0.05529999422530333,
      "p50": 0.047600013203918934,
      "p95": 0.07670000195503235,
      "p99": 0.07670000195503235
    },
    "sparse_search_ms": {
      "mean": 14.60453332401812,
      "p50": 9.363799938000739,
      "p95": 26.480100001208484,
      "p99": 26.480100001208484
    },
    "retrieve_total_ms": {
      "mean": 473.75573334284127,
      "p50": 405.53500002715737,
      "p95": 653.2886000350118,
      "p99": 653.2886000350118
    },
    "context_build_ms": {
      "mean": 0.03326660953462124,
      "p50": 0.035899924114346504,
      "p95": 0.03769993782043457,
      "p99": 0.03769993782043457
    },
    "generation_ttft_ms": {
      "mean": 7448.922566681479,
      "p50": 9134.26530000288,
      "p95": 11511.640800046735,
      "p99": 11511.640800046735
    },
    "generation_total_ms": {
      "mean": 9527.014866704121,
      "p50": 12247.299200040288,
      "p95": 13295.75420008041,
      "p99": 13295.75420008041
    },
    "e2e_ms": {
      "mean": 7482.716500021827,
      "p50": 8705.437500029802,
      "p95": 11108.886200003326,
      "p99": 11108.886200003326
    },
    "e2e_ttft_ms": {
      "mean": 5596.136233342501,
      "p50": 4135.4913000250235,
      "p95": 10705.007300013676,
      "p99": 10705.007300013676
    }
  }
}