{
  "queries": [
    {
      "query": "Người dân Việt Nam nổi tiếng với đặc điểm gì?",
      "rewrite_ms": 0.016400008462369442,
      "dense_embed_ms": 1011.5703999763355,
      "dense_search_ms": 35.32709996215999,
      "sparse_embed_ms": 0.05819997750222683,
      "sparse_search_ms": 26.767099974676967,
      "retrieve_total_ms": 702.9354000696912,
      "context_build_ms": 0.025900080800056458,
      "generation_ttft_ms": 3046.696799923666,
      "generation_total_ms": 3831.027999985963,
      "generation_tokens": 113,
      "e2e_ms": 4538.732500048354,
      "e2e_ttft_ms": 3439.5616999827325
    },
    {
      "query": "Nền văn minh sông Hồng có nền tảng từ thời kỳ nào?",
      "rewrite_ms": 0.0073999399319291115,
      "dense_embed_ms": 802.4172000586987,
      "dense_search_ms": 25.793299893848598,
      "sparse_embed_ms": 0.04330009687691927,
      "sparse_search_ms": 30.164799885824323,
      "retrieve_total_ms": 731.4067999832332,
      "context_build_ms": 0.03460003063082695,
      "generation_ttft_ms": 2870.449300040491,
      "generation_total_ms": 3165.186300058849,
      "generation_tokens": 56,
      "e2e_ms": 3671.9750999473035,
      "e2e_ttft_ms": 3121.1709999479353
    },
    {
      "query": "Bãi biển Nha Trang có đặc điểm gì nổi bật về thời tiết?",
      "rewrite_ms": 0.006700051017105579,
      "dense_embed_ms": 417.68640000373125,
      "dense_search_ms": 19.22679995186627,
      "sparse_embed_ms": 0.06799993570894003,
      "sparse_search_ms": 31.317600049078465,
      "retrieve_total_ms": 517.0225999318063,
      "context_build_ms": 0.019400031305849552,
      "generation_ttft_ms": 3267.612099996768,
      "generation_total_ms": 3275.085199973546,
      "generation_tokens": 204,
      "e2e_ms": 4897.583700018004,
      "e2e_ttft_ms": 3508.261499926448
    }
  ],
  "summary": {
    "rewrite_ms": {
      "mean": 0.010166666470468044,
      "p50": 0.0073999399319291115,
      "p95": 0.016400008462369442,
      "p99": 0.016400008462369442
    },
    "dense_embed_ms": {
      "mean": 743.8913333462551,
      "p50": 802.4172000586987,
      "p95": 1011.5703999763355,
      "p99": 1011.5703999763355
    },
    "dense_search_ms": {
      "mean": 26.782399935958285,
      "p50": 25.793299893848598,
      "p95": 35.32709996215999,
      "p99": 35.32709996215999
    },
    "sparse_embed_ms": {
      "mean": 0.056500003362695374,
      "p50": 0.05819997750222683,
      "p95": 0.06799993570894003,
      "p99": 0.06799993570894003
    },
    "sparse_search_ms": {
      "mean": 29.416499969859917,
      "p50": 30.164799885824323,
      "p95": 31.317600049078465,
      "p99": 31.317600049078465
    },
    "retrieve_total_ms": {
      "mean": 650.4549333282436,
      "p50": 702.9354000696912,
      "p95": 731.4067999832332,
      "p99": 731.4067999832332
    },
    "context_build_ms": {
      "mean": 0.02663338091224432,
      "p50": 0.025900080800056458,
      "p95": 0.03460003063082695,
      "p99": 0.03460003063082695
    },
    "generation_ttft_ms": {
      "mean": 3061.5860666536414,
      "p50": 3046.696799923666,
      "p95": 3267.612099996768,
      "p99": 3267.612099996768
    },
    "generation_total_ms": {
      "mean": 3423.7665000061193,
      "p50": 3275.085199973546,
      "p95": 3831.027999985963,
      "p99": 3831.027999985963
    },
    "e2e_ms": {
      "mean": 4369.430433337887,
      "p50": 4538.732500048354,
      "p95": 4897.583700018004,
      "p99": 4897.583700018004
    },
    "e2e_ttft_ms": {
      "mean": 3356.331399952372,
      "p50": 3439.5616999827325,
      "p95": 3508.261499926448,
      "p99": 3508.261499926448
    }
  }
}